Generations: , 3
Runs: , 10
Trees: , 6
Maximum depth: , 3.0
Maximum sequence , 8
Generation: 
 0 , -1.0825088224465023E-5, -1.0825088224465023E-5, -0.05242590227108412, -0.0015046872632006384, -1.0825088224465023E-5, -1.0825088224465023E-5, 
1 , -0.07525601333648085, -1.0825088224465023E-5, -1.0825088224465023E-5, -1.0825088224465023E-5, 0.143140141592101, -1.0825088224465023E-5, 
2 , -1.0825088224465023E-5, -1.0825088224465023E-5, -0.217562623135298, 0.6842105263155362, -1.0825088224465023E-5, -1.0825088224465023E-5, 
3
0.35268137435307045, -1.0825088224465023E-5, -1.0825088224465023E-5, -1.0825088224465023E-5, -2.1650176448930046E-5, -1.0825088224465023E-5, 